sitetag,Site,yr,TagNo,DBH,surv,lags,resurveyarea,newplt
EF11360a,EF1,2002,1360a,0.219732178022843,1,0,1,1
EF11360a,EF1,2003,1360a,NA,1,1,1,0
EF11360a,EF1,2004,1360a,NA,0,1,1,0
EF11813,EF1,2002,1813,10.3,1,0,1,0
EF11813,EF1,2003,1813,11.8,1,1,1,0
EF11813,EF1,2004,1813,NA,NA,0,1,0
EF11813,EF1,2005,1813,11.7,1,2,1,0
EF11813,EF1,2006,1813,NA,NA,0,1,0
EF11813,EF1,2007,1813,22.3,1,2,1,0
EF11813,EF1,2008,1813,NA,NA,0,1,0
EF11813,EF1,2009,1813,24.1,1,2,1,0
EF11813,EF1,2010,1813,NA,NA,0,1,0
EF11813,EF1,2011,1813,NA,1,2,1,0
EF11813,EF1,2012,1813,NA,NA,0,1,0
EF11813,EF1,2013,1813,28.5,1,2,1,0
EF11813,EF1,2014,1813,NA,1,1,1,0
EF14030,EF1,2015,4030,0.370263883418668,1,0,1,0
EF14030,EF1,2016,4030,NA,1,1,1,0
EF1886a,EF1,2007,886a,9.6,1,0,1,0
EF1886a,EF1,2008,886a,NA,NA,0,1,0
EF1886a,EF1,2009,886a,9.6,1,2,1,0
EF1886a,EF1,2010,886a,NA,NA,0,1,0
EF1886a,EF1,2011,886a,NA,1,2,1,0
EF1886a,EF1,2012,886a,NA,NA,0,1,0
EF1886a,EF1,2013,886a,NA,1,2,1,0
EF21746,EF2,2004,1746,7.2,1,0,1,0
EF21746,EF2,2005,1746,10.5,1,1,1,0
EF21746,EF2,2006,1746,NA,NA,0,1,0
EF21746,EF2,2007,1746,14.6,1,2,1,0
EF21746,EF2,2008,1746,NA,NA,0,1,0
EF21746,EF2,2009,1746,15.8,1,2,1,0
EF21746,EF2,2010,1746,NA,NA,0,1,0
EF21746,EF2,2011,1746,NA,1,2,1,0
EF21746,EF2,2012,1746,NA,NA,0,1,0
EF21746,EF2,2013,1746,20.6,1,2,1,0
EF21746,EF2,2014,1746,19.9,0,1,1,0
EF21756a,EF2,2004,1756a,1.3,1,0,1,0
EF21756a,EF2,2005,1756a,NA,1,1,1,0
EF21756a,EF2,2006,1756a,NA,NA,0,1,0
EF21756a,EF2,2007,1756a,NA,0,2,1,0
EF21795a,EF2,2004,1795a,5.3,1,0,1,0
EF21795a,EF2,2005,1795a,5.6,1,1,1,0
EF21795a,EF2,2006,1795a,NA,NA,0,1,0
EF21795a,EF2,2007,1795a,5.4,1,2,1,0
EF21795a,EF2,2008,1795a,NA,NA,0,1,0
EF21795a,EF2,2009,1795a,NA,1,2,1,0
EF21795a,EF2,2010,1795a,NA,NA,0,1,0
EF21795a,EF2,2011,1795a,NA,0,2,1,0
MSC1011,MSC,2002,1011,0.269909413154784,1,0,1,0
MSC1011,MSC,2003,1011,0.320086648286726,1,1,1,0
MSC1011,MSC,2004,1011,0.370263883418668,1,1,1,0
MSC1011,MSC,2005,1011,NA,NA,0,1,0
MSC1011,MSC,2006,1011,NA,NA,0,1,0
MSC1011,MSC,2007,1011,0.621150059078376,1,3,1,0
MSC1011,MSC,2008,1011,NA,NA,0,1,0
MSC1011,MSC,2009,1011,0.771681764474201,1,2,1,0
MSC1011,MSC,2010,1011,NA,NA,0,1,0
MSC1011,MSC,2011,1011,NA,1,2,1,0
MSC1011,MSC,2012,1011,NA,NA,0,1,0
MSC1011,MSC,2013,1011,1.7,1,2,1,0
MSC1011,MSC,2014,1011,1.07274517526585,1,1,1,0
MSC1011,MSC,2015,1011,1.32363135092556,1,1,1,0
MSC1011,MSC,2016,1011,1.32363135092556,1,1,1,0
MSC1011,MSC,2017,1011,1.47416305632139,1,1,1,0
MSC1068,MSC,2002,1068,0.320086648286726,1,0,1,0
MSC1068,MSC,2003,1068,0.370263883418668,1,1,1,0
MSC1068,MSC,2004,1068,0.320086648286726,1,1,1,0
MSC1068,MSC,2005,1068,NA,NA,0,1,0
MSC1068,MSC,2006,1068,NA,NA,0,1,0
MSC1068,MSC,2007,1068,0.470618353682551,1,3,1,0
MSC1068,MSC,2008,1068,NA,NA,0,1,0
MSC1068,MSC,2009,1068,0.621150059078376,1,2,1,0
MSC1068,MSC,2010,1068,NA,NA,0,1,0
MSC1068,MSC,2011,1068,0.872036234738085,1,2,1,0
MSC1068,MSC,2012,1068,NA,NA,0,1,0
MSC1068,MSC,2013,1068,1.02256794013391,1,2,1,0
MSC1068,MSC,2014,1068,1.07274517526585,1,1,1,0
MSC1068,MSC,2015,1068,1.17309964552974,1,1,1,0
MSC1068,MSC,2016,1068,NA,1,1,1,0
MSC1106,MSC,2002,1106,0.269909413154784,1,0,1,0
MSC1106,MSC,2003,1106,0.269909413154784,1,1,1,0
MSC1106,MSC,2004,1106,NA,1,1,1,0
MSC1106,MSC,2005,1106,NA,NA,0,1,0
MSC1106,MSC,2006,1106,NA,NA,0,1,0
MSC1106,MSC,2007,1106,NA,0,3,1,0
MSC1180,MSC,2002,1180,0.320086648286726,1,0,1,0
MSC1180,MSC,2003,1180,0.320086648286726,1,1,1,0
MSC1180,MSC,2004,1180,NA,1,1,1,0
MSC1180,MSC,2005,1180,NA,NA,0,1,0
MSC1180,MSC,2006,1180,NA,NA,0,1,0
MSC1180,MSC,2007,1180,NA,0,3,1,0
MSC1200,MSC,2002,1200,1.4,1,0,1,0
MSC1200,MSC,2003,1200,1.8,1,1,1,0
MSC1200,MSC,2004,1200,2.1,1,1,1,0
MSC1200,MSC,2005,1200,NA,NA,0,1,0
MSC1200,MSC,2006,1200,NA,NA,0,1,0
MSC1200,MSC,2007,1200,3.6,1,3,1,0
MSC1200,MSC,2008,1200,NA,NA,0,1,0
MSC1200,MSC,2009,1200,4.5,1,2,1,0
MSC1200,MSC,2010,1200,NA,NA,0,1,0
MSC1200,MSC,2011,1200,6.2,1,2,1,0
MSC1200,MSC,2012,1200,NA,NA,0,1,0
MSC1200,MSC,2013,1200,7.3,1,2,1,0
MSC1200,MSC,2014,1200,7.8,1,1,1,0
MSC1200,MSC,2015,1200,NA,1,1,1,0
MSC1200,MSC,2016,1200,9.3,1,1,1,0
MSC1200,MSC,2017,1200,11,1,1,1,0
MSC1201,MSC,2002,1201,0.42044111855061,1,0,1,0
MSC1201,MSC,2003,1201,NA,1,1,1,0
MSC1201,MSC,2004,1201,NA,0,1,1,0
MSC1202,MSC,2002,1202,0.320086648286726,1,0,1,0
MSC1202,MSC,2003,1202,NA,1,1,1,0
MSC1202,MSC,2004,1202,NA,0,1,1,0
MSC1204,MSC,2002,1204,0.219732178022843,1,0,1,1
MSC1204,MSC,2003,1204,NA,1,1,1,0
MSC1204,MSC,2004,1204,NA,0,1,1,0
MSC1209,MSC,2002,1209,0.320086648286726,1,0,1,0
MSC1209,MSC,2003,1209,NA,1,1,1,0
MSC1209,MSC,2004,1209,NA,0,1,1,0
MSC1218,MSC,2002,1218,0.320086648286726,1,0,1,0
MSC1218,MSC,2003,1218,NA,1,1,1,0
MSC1218,MSC,2004,1218,NA,0,1,1,0
MSC1221,MSC,2002,1221,0.320086648286726,1,0,1,0
MSC1221,MSC,2003,1221,NA,1,1,1,0
MSC1221,MSC,2004,1221,NA,0,1,1,0
MSC1224,MSC,2002,1224,0.169554942890901,1,0,1,1
MSC1224,MSC,2003,1224,NA,1,1,1,0
MSC1224,MSC,2004,1224,NA,0,1,1,0
MSC1225,MSC,2002,1225,0.219732178022843,1,0,1,1
MSC1225,MSC,2003,1225,NA,1,1,1,0
MSC1225,MSC,2004,1225,NA,0,1,1,0
MSC1226,MSC,2002,1226,0.169554942890901,1,0,1,1
MSC1226,MSC,2003,1226,NA,1,1,1,0
MSC1226,MSC,2004,1226,NA,0,1,1,0
MSC1227,MSC,2002,1227,0.169554942890901,1,0,1,1
MSC1227,MSC,2003,1227,NA,1,1,1,0
MSC1227,MSC,2004,1227,NA,0,1,1,0
MSC1228,MSC,2002,1228,0.219732178022843,1,0,1,1
MSC1228,MSC,2003,1228,NA,1,1,1,0
MSC1228,MSC,2004,1228,NA,0,1,1,0
MSC1229,MSC,2002,1229,0.470618353682551,1,0,1,0
MSC1229,MSC,2003,1229,NA,1,1,1,0
MSC1229,MSC,2004,1229,NA,0,1,1,0
MSC1230,MSC,2002,1230,0.42044111855061,1,0,1,0
MSC1230,MSC,2003,1230,0.520795588814493,1,1,1,0
MSC1230,MSC,2004,1230,0.570972823946435,1,1,1,0
MSC1230,MSC,2005,1230,NA,NA,0,1,0
MSC1230,MSC,2006,1230,NA,NA,0,1,0
MSC1230,MSC,2007,1230,1.07274517526585,1,3,1,0
MSC1230,MSC,2008,1230,NA,NA,0,1,0
MSC1230,MSC,2009,1230,NA,NA,0,1,0
MSC1230,MSC,2010,1230,1.2,1,3,1,0
MSC1230,MSC,2011,1230,NA,1,1,1,0
MSC1230,MSC,2012,1230,NA,NA,0,1,0
MSC1230,MSC,2013,1230,NA,0,2,1,0
MSC1231,MSC,2002,1231,0.370263883418668,1,0,1,0
MSC1231,MSC,2003,1231,NA,1,1,1,0
MSC1231,MSC,2004,1231,0.671327294210318,1,1,1,0
MSC1231,MSC,2005,1231,NA,NA,0,1,0
MSC1231,MSC,2006,1231,NA,NA,0,1,0
MSC1231,MSC,2007,1231,0.621150059078376,1,3,1,0
MSC1231,MSC,2008,1231,NA,NA,0,1,0
MSC1231,MSC,2009,1231,NA,NA,0,1,0
MSC1231,MSC,2010,1231,0.621150059078376,0,3,1,0
MSC1232,MSC,2002,1232,0.370263883418668,1,0,1,0
MSC1232,MSC,2003,1232,NA,1,1,1,0
MSC1232,MSC,2004,1232,NA,0,1,1,0
MSC1233,MSC,2002,1233,0.320086648286726,1,0,1,0
MSC1233,MSC,2003,1233,NA,1,1,1,0
MSC1233,MSC,2004,1233,NA,0,1,1,0
MSC1234,MSC,2002,1234,0.269909413154784,1,0,1,0
MSC1234,MSC,2003,1234,NA,1,1,1,0
MSC1234,MSC,2004,1234,NA,0,1,1,0
MSC1235,MSC,2002,1235,0.169554942890901,1,0,1,1
MSC1235,MSC,2003,1235,NA,1,1,1,0
MSC1235,MSC,2004,1235,NA,0,1,1,0
MSC1236,MSC,2002,1236,0.269909413154784,1,0,1,0
MSC1236,MSC,2003,1236,NA,1,1,1,0
MSC1236,MSC,2004,1236,NA,0,1,1,0
MSC1237,MSC,2002,1237,0.219732178022843,1,0,1,0
MSC1237,MSC,2003,1237,NA,1,1,1,0
MSC1237,MSC,2004,1237,NA,0,1,1,0
MSC1239,MSC,2002,1239,0.320086648286726,1,0,1,0
MSC1239,MSC,2003,1239,NA,1,1,1,0
MSC1239,MSC,2004,1239,NA,0,1,1,0
MSC1241,MSC,2002,1241,0.520795588814493,1,0,1,0
MSC1241,MSC,2003,1241,NA,1,1,1,0
MSC1241,MSC,2004,1241,0.771681764474201,1,1,1,0
MSC1241,MSC,2005,1241,NA,NA,0,1,0
MSC1241,MSC,2006,1241,NA,NA,0,1,0
MSC1241,MSC,2007,1241,0.621150059078376,1,3,1,0
MSC1241,MSC,2008,1241,NA,NA,0,1,0
MSC1241,MSC,2009,1241,NA,NA,0,1,0
MSC1241,MSC,2010,1241,0.621150059078376,0,3,1,0
MSC1248,MSC,2002,1248,0.320086648286726,1,0,1,0
MSC1248,MSC,2003,1248,NA,1,1,1,0
MSC1248,MSC,2004,1248,NA,0,1,1,0
MSC1249,MSC,2002,1249,0.470618353682551,1,0,1,0
MSC1249,MSC,2003,1249,NA,1,1,1,0
MSC1249,MSC,2004,1249,NA,1,1,1,0
MSC1249,MSC,2005,1249,NA,NA,0,1,0
MSC1249,MSC,2006,1249,NA,NA,0,1,0
MSC1249,MSC,2007,1249,NA,0,3,1,0
MSC1251,MSC,2002,1251,0.470618353682551,1,0,1,0
MSC1251,MSC,2003,1251,NA,1,1,1,0
MSC1251,MSC,2004,1251,NA,1,1,1,0
MSC1251,MSC,2005,1251,NA,NA,0,1,0
MSC1251,MSC,2006,1251,NA,NA,0,1,0
MSC1251,MSC,2007,1251,NA,0,3,1,0
MSC1254,MSC,2002,1254,0.269909413154784,1,0,1,0
MSC1254,MSC,2003,1254,NA,1,1,1,0
MSC1254,MSC,2004,1254,NA,0,1,1,0
MSC1255,MSC,2002,1255,0.42044111855061,1,0,1,0
MSC1255,MSC,2003,1255,NA,1,1,1,0
MSC1255,MSC,2004,1255,NA,0,1,1,0
MSC1258,MSC,2002,1258,0.320086648286726,1,0,1,0
MSC1258,MSC,2003,1258,NA,1,1,1,0
MSC1258,MSC,2004,1258,NA,0,1,1,0
MSC1259,MSC,2002,1259,0.370263883418668,1,0,1,0
MSC1259,MSC,2003,1259,NA,1,1,1,0
MSC1259,MSC,2004,1259,0.42044111855061,1,1,1,0
MSC1259,MSC,2005,1259,NA,NA,0,1,0
MSC1259,MSC,2006,1259,NA,NA,0,1,0
MSC1259,MSC,2007,1259,0.872036234738085,1,3,1,0
MSC1259,MSC,2008,1259,NA,NA,0,1,0
MSC1259,MSC,2009,1259,NA,NA,0,1,0
MSC1259,MSC,2010,1259,0.821858999606143,1,3,1,0
MSC1259,MSC,2011,1259,1.07274517526585,1,1,1,0
MSC1259,MSC,2012,1259,NA,NA,0,1,0
MSC1259,MSC,2013,1259,0.6,1,2,1,0
MSC1259,MSC,2014,1259,0.9,1,1,1,0
MSC1259,MSC,2015,1259,9,0,1,1,0
MSC1261,MSC,2002,1261,0.320086648286726,1,0,1,0
MSC1261,MSC,2003,1261,0.320086648286726,1,1,1,0
MSC1261,MSC,2004,1261,0.370263883418668,1,1,1,0
MSC1261,MSC,2005,1261,NA,NA,0,1,0
MSC1261,MSC,2006,1261,NA,NA,0,1,0
MSC1261,MSC,2007,1261,0.621150059078376,1,3,1,0
MSC1261,MSC,2008,1261,NA,NA,0,1,0
MSC1261,MSC,2009,1261,NA,NA,0,1,0
MSC1261,MSC,2010,1261,0.821858999606143,1,3,1,0
MSC1261,MSC,2011,1261,NA,1,1,1,0
MSC1261,MSC,2012,1261,NA,NA,0,1,0
MSC1261,MSC,2013,1261,NA,0,2,1,0
MSC1262,MSC,2002,1262,0.370263883418668,1,0,1,0
MSC1262,MSC,2003,1262,0.370263883418668,1,1,1,0
MSC1262,MSC,2004,1262,0.370263883418668,1,1,1,0
MSC1262,MSC,2005,1262,NA,NA,0,1,0
MSC1262,MSC,2006,1262,NA,NA,0,1,0
MSC1262,MSC,2007,1262,0.671327294210318,1,3,1,0
MSC1262,MSC,2008,1262,NA,NA,0,1,0
MSC1262,MSC,2009,1262,NA,NA,0,1,0
MSC1262,MSC,2010,1262,0.671327294210318,1,3,1,0
MSC1262,MSC,2011,1262,NA,1,1,1,0
MSC1262,MSC,2012,1262,NA,NA,0,1,0
MSC1262,MSC,2013,1262,NA,0,2,1,0
MSC1265,MSC,2002,1265,0.72150452934226,1,0,1,0
MSC1265,MSC,2003,1265,0.872036234738085,1,1,1,0
MSC1265,MSC,2004,1265,1.02256794013391,1,1,1,0
MSC1265,MSC,2005,1265,NA,NA,0,1,0
MSC1265,MSC,2006,1265,NA,NA,0,1,0
MSC1265,MSC,2007,1265,2.4,1,3,1,0
MSC1265,MSC,2008,1265,NA,NA,0,1,0
MSC1265,MSC,2009,1265,NA,NA,0,1,0
MSC1265,MSC,2010,1265,3.5,1,3,1,0
MSC1265,MSC,2011,1265,NA,1,1,1,0
MSC1265,MSC,2012,1265,NA,NA,0,1,0
MSC1265,MSC,2013,1265,NA,0,2,1,0
MSC1266,MSC,2002,1266,0.520795588814493,1,0,1,0
MSC1266,MSC,2003,1266,0.520795588814493,1,1,1,0
MSC1266,MSC,2004,1266,NA,1,1,1,0
MSC1266,MSC,2005,1266,NA,NA,0,1,0
MSC1266,MSC,2006,1266,NA,NA,0,1,0
MSC1266,MSC,2007,1266,NA,0,3,1,0
MSC1288,MSC,2002,1288,0.370263883418668,1,0,1,0
MSC1288,MSC,2003,1288,0.320086648286726,1,1,1,0
MSC1288,MSC,2004,1288,NA,1,1,1,0
MSC1288,MSC,2005,1288,NA,NA,0,1,0
MSC1288,MSC,2006,1288,NA,NA,0,1,0
MSC1288,MSC,2007,1288,NA,0,3,1,0
MSC1301,MSC,2002,1301,0.320086648286726,1,0,1,0
MSC1301,MSC,2003,1301,NA,1,1,1,0
MSC1301,MSC,2004,1301,NA,0,1,1,0
MSC1302,MSC,2002,1302,0.269909413154784,1,0,1,0
MSC1302,MSC,2003,1302,NA,1,1,1,0
MSC1302,MSC,2004,1302,NA,0,1,1,0
MSC1307,MSC,2002,1307,0.269909413154784,1,0,1,0
MSC1307,MSC,2003,1307,0.269909413154784,1,1,1,0
MSC1307,MSC,2004,1307,0.269909413154784,1,1,1,0
MSC1307,MSC,2005,1307,NA,NA,0,1,0
MSC1307,MSC,2006,1307,NA,NA,0,1,0
MSC1307,MSC,2007,1307,0.520795588814493,1,3,1,0
MSC1307,MSC,2008,1307,NA,NA,0,1,0
MSC1307,MSC,2009,1307,NA,NA,0,1,0
MSC1307,MSC,2010,1307,0.621150059078376,1,3,1,0
MSC1307,MSC,2011,1307,0.922213469870027,1,1,1,0
MSC1307,MSC,2012,1307,NA,NA,0,1,0
MSC1307,MSC,2013,1307,0.9,1,2,1,0
MSC1307,MSC,2014,1307,1,1,1,1,0
MSC1307,MSC,2015,1307,NA,1,1,1,0
MSC1307,MSC,2016,1307,1.2,1,1,1,0
MSC1307,MSC,2017,1307,1.3,1,1,1,0
MSC1308,MSC,2002,1308,0.219732178022843,1,0,1,1
MSC1308,MSC,2003,1308,NA,1,1,1,0
MSC1308,MSC,2004,1308,NA,0,1,1,0
MSC1313,MSC,2002,1313,0.320086648286726,1,0,1,0
MSC1313,MSC,2003,1313,NA,1,1,1,0
MSC1313,MSC,2004,1313,NA,0,1,1,0
MSC1320,MSC,2002,1320,0.42044111855061,1,0,1,0
MSC1320,MSC,2003,1320,NA,1,1,1,0
MSC1320,MSC,2004,1320,NA,0,1,1,0
MSC1322,MSC,2002,1322,0.269909413154784,1,0,1,0
MSC1322,MSC,2003,1322,NA,1,1,1,0
MSC1322,MSC,2004,1322,NA,0,1,1,0
MSC1331,MSC,2002,1331,0.219732178022843,1,0,1,1
MSC1331,MSC,2003,1331,NA,1,1,1,0
MSC1331,MSC,2004,1331,NA,0,1,1,0
MSC1334,MSC,2002,1334,0.570972823946435,1,0,1,0
MSC1334,MSC,2003,1334,0.72150452934226,1,1,1,0
MSC1334,MSC,2004,1334,0.821858999606143,1,1,1,0
MSC1334,MSC,2005,1334,NA,NA,0,1,0
MSC1334,MSC,2006,1334,NA,NA,0,1,0
MSC1334,MSC,2007,1334,NA,1,3,1,0
MSC1334,MSC,2008,1334,NA,NA,0,1,0
MSC1334,MSC,2009,1334,NA,NA,0,1,0
MSC1334,MSC,2010,1334,NA,0,3,1,0
MSC1336,MSC,2002,1336,0.370263883418668,1,0,1,0
MSC1336,MSC,2003,1336,NA,1,1,1,0
MSC1336,MSC,2004,1336,NA,0,1,1,0
MSC1341,MSC,2002,1341,0.520795588814493,1,0,1,0
MSC1341,MSC,2003,1341,NA,1,1,1,0
MSC1341,MSC,2004,1341,NA,0,1,1,0
MSC1346,MSC,2002,1346,0.320086648286726,1,0,1,0
MSC1346,MSC,2003,1346,NA,1,1,1,0
MSC1346,MSC,2004,1346,NA,0,1,1,0
MSC1354,MSC,2002,1354,0.219732178022843,1,0,1,1
MSC1354,MSC,2003,1354,NA,1,1,1,0
MSC1354,MSC,2004,1354,NA,0,1,1,0
MSC1355,MSC,2002,1355,0.520795588814493,1,0,1,0
MSC1355,MSC,2003,1355,NA,1,1,1,0
MSC1355,MSC,2004,1355,NA,0,1,1,0
MSC1356,MSC,2002,1356,0.470618353682551,1,0,1,0
MSC1356,MSC,2003,1356,NA,1,1,1,0
MSC1356,MSC,2004,1356,NA,0,1,1,0
MSC1357,MSC,2002,1357,0.169554942890901,1,0,1,1
MSC1357,MSC,2003,1357,NA,1,1,1,0
MSC1357,MSC,2004,1357,NA,0,1,1,0
MSC1359,MSC,2002,1359,0.821858999606143,1,0,1,0
MSC1359,MSC,2003,1359,NA,1,1,1,0
MSC1359,MSC,2004,1359,NA,0,1,1,0
MSC1361,MSC,2002,1361,0.470618353682551,1,0,1,0
MSC1361,MSC,2003,1361,0.621150059078376,1,1,1,0
MSC1361,MSC,2004,1361,0.72150452934226,1,1,1,0
MSC1361,MSC,2005,1361,NA,NA,0,1,0
MSC1361,MSC,2006,1361,NA,NA,0,1,0
MSC1361,MSC,2007,1361,1.1,1,3,1,0
MSC1361,MSC,2008,1361,NA,NA,0,1,0
MSC1361,MSC,2009,1361,NA,NA,0,1,0
MSC1361,MSC,2010,1361,2.8,1,3,1,0
MSC1361,MSC,2011,1361,3.7,1,1,1,0
MSC1361,MSC,2012,1361,NA,NA,0,1,0
MSC1361,MSC,2013,1361,NA,1,2,1,0
MSC1362,MSC,2002,1362,0.570972823946435,1,0,1,0
MSC1362,MSC,2003,1362,NA,1,1,1,0
MSC1362,MSC,2004,1362,NA,0,1,1,0
MSC1363,MSC,2002,1363,0.269909413154784,1,0,1,0
MSC1363,MSC,2003,1363,NA,1,1,1,0
MSC1363,MSC,2004,1363,NA,0,1,1,0
MSC1364,MSC,2002,1364,0.219732178022843,1,0,1,1
MSC1364,MSC,2003,1364,NA,1,1,1,0
MSC1364,MSC,2004,1364,NA,0,1,1,0
MSC1366,MSC,2002,1366,0.470618353682551,1,0,1,0
MSC1366,MSC,2003,1366,NA,1,1,1,0
MSC1366,MSC,2004,1366,NA,0,1,1,0
MSC1368,MSC,2002,1368,0.269909413154784,1,0,1,0
MSC1368,MSC,2003,1368,NA,1,1,1,0
MSC1368,MSC,2004,1368,NA,0,1,1,0
MSC1371,MSC,2002,1371,0.269909413154784,1,0,1,0
MSC1371,MSC,2003,1371,NA,1,1,1,0
MSC1371,MSC,2004,1371,NA,0,1,1,0
MSC1375,MSC,2002,1375,0.42044111855061,1,0,1,0
MSC1375,MSC,2003,1375,NA,1,1,1,0
MSC1375,MSC,2004,1375,NA,0,1,1,0
MSC1376,MSC,2002,1376,0.42044111855061,1,0,1,0
MSC1376,MSC,2003,1376,NA,1,1,1,0
MSC1376,MSC,2004,1376,NA,0,1,1,0
MSC1379,MSC,2002,1379,0.370263883418668,1,0,1,0
MSC1379,MSC,2003,1379,NA,1,1,1,0
MSC1379,MSC,2004,1379,NA,0,1,1,0
MSC1380,MSC,2002,1380,0.219732178022843,1,0,1,1
MSC1380,MSC,2003,1380,NA,1,1,1,0
MSC1380,MSC,2004,1380,NA,0,1,1,0
MSC1381,MSC,2002,1381,0.219732178022843,1,0,1,1
MSC1381,MSC,2003,1381,NA,1,1,1,0
MSC1381,MSC,2004,1381,NA,0,1,1,0
MSC1383,MSC,2002,1383,0.269909413154784,1,0,1,0
MSC1383,MSC,2003,1383,NA,1,1,1,0
MSC1383,MSC,2004,1383,NA,0,1,1,0
MSC1384,MSC,2002,1384,0.370263883418668,1,0,1,0
MSC1384,MSC,2003,1384,NA,1,1,1,0
MSC1384,MSC,2004,1384,NA,0,1,1,0
MSC1387,MSC,2002,1387,0.269909413154784,1,0,1,0
MSC1387,MSC,2003,1387,NA,1,1,1,0
MSC1387,MSC,2004,1387,NA,0,1,1,0
MSC1389,MSC,2002,1389,0.169554942890901,1,0,1,1
MSC1389,MSC,2003,1389,NA,1,1,1,0
MSC1389,MSC,2004,1389,NA,0,1,1,0
MSC1390,MSC,2002,1390,0.671327294210318,1,0,1,0
MSC1390,MSC,2003,1390,NA,1,1,1,0
MSC1390,MSC,2004,1390,NA,0,1,1,0
MSC1391,MSC,2002,1391,0.269909413154784,1,0,1,0
MSC1391,MSC,2003,1391,NA,1,1,1,0
MSC1391,MSC,2004,1391,NA,0,1,1,0
MSC1396,MSC,2002,1396,0.370263883418668,1,0,1,0
MSC1396,MSC,2003,1396,NA,1,1,1,0
MSC1396,MSC,2004,1396,NA,0,1,1,0
MSC1397,MSC,2002,1397,0.169554942890901,1,0,1,1
MSC1397,MSC,2003,1397,NA,1,1,1,0
MSC1397,MSC,2004,1397,NA,0,1,1,0
MSC1398,MSC,2002,1398,0.320086648286726,1,0,1,0
MSC1398,MSC,2003,1398,NA,1,1,1,0
MSC1398,MSC,2004,1398,NA,0,1,1,0
MSC1401,MSC,2002,1401,0.269909413154784,1,0,1,0
MSC1401,MSC,2003,1401,0.269909413154784,1,1,1,0
MSC1401,MSC,2004,1401,0.269909413154784,1,1,1,0
MSC1401,MSC,2005,1401,NA,NA,0,1,0
MSC1401,MSC,2006,1401,NA,NA,0,1,0
MSC1401,MSC,2007,1401,NA,1,3,1,0
MSC1403,MSC,2002,1403,0.269909413154784,1,0,1,0
MSC1403,MSC,2003,1403,NA,1,1,1,0
MSC1403,MSC,2004,1403,NA,0,1,1,0
MSC1404,MSC,2002,1404,0.269909413154784,1,0,1,0
MSC1404,MSC,2003,1404,NA,1,1,1,0
MSC1404,MSC,2004,1404,NA,0,1,1,0
MSC1406,MSC,2002,1406,0.269909413154784,1,0,1,0
MSC1406,MSC,2003,1406,NA,1,1,1,0
MSC1406,MSC,2004,1406,0.320086648286726,1,1,1,0
MSC1406,MSC,2005,1406,NA,NA,0,1,0
MSC1406,MSC,2006,1406,NA,NA,0,1,0
MSC1406,MSC,2007,1406,NA,0,3,1,0
MSC1408,MSC,2002,1408,0.219732178022843,1,0,1,1
MSC1408,MSC,2003,1408,NA,1,1,1,0
MSC1408,MSC,2004,1408,NA,0,1,1,0
MSC1410,MSC,2002,1410,0.269909413154784,1,0,1,0
MSC1410,MSC,2003,1410,NA,1,1,1,0
MSC1410,MSC,2004,1410,NA,0,1,1,0
MSC1411,MSC,2002,1411,0.269909413154784,1,0,1,0
MSC1411,MSC,2003,1411,NA,1,1,1,0
MSC1411,MSC,2004,1411,NA,0,1,1,0
MSC1412,MSC,2002,1412,0.219732178022843,1,0,1,1
MSC1412,MSC,2003,1412,NA,1,1,1,0
MSC1412,MSC,2004,1412,NA,0,1,1,0
MSC1413,MSC,2002,1413,0.269909413154784,1,0,1,0
MSC1413,MSC,2003,1413,NA,1,1,1,0
MSC1413,MSC,2004,1413,NA,0,1,1,0
MSC1415,MSC,2002,1415,0.320086648286726,1,0,1,0
MSC1415,MSC,2003,1415,NA,1,1,1,0
MSC1415,MSC,2004,1415,NA,0,1,1,0
MSC1416,MSC,2002,1416,0.169554942890901,1,0,1,1
MSC1416,MSC,2003,1416,NA,1,1,1,0
MSC1416,MSC,2004,1416,NA,0,1,1,0
MSC1417,MSC,2002,1417,0.269909413154784,1,0,1,0
MSC1417,MSC,2003,1417,NA,1,1,1,0
MSC1417,MSC,2004,1417,NA,0,1,1,0
MSC1422,MSC,2002,1422,0.219732178022843,1,0,1,1
MSC1422,MSC,2003,1422,NA,1,1,1,0
MSC1422,MSC,2004,1422,NA,0,1,1,0
MSC1425,MSC,2002,1425,0.219732178022843,1,0,1,1
MSC1425,MSC,2003,1425,NA,1,1,1,0
MSC1425,MSC,2004,1425,NA,0,1,1,0
MSC1429,MSC,2002,1429,0.370263883418668,1,0,1,0
MSC1429,MSC,2003,1429,NA,1,1,1,0
MSC1429,MSC,2004,1429,NA,0,1,1,0
MSC1432,MSC,2002,1432,0.269909413154784,1,0,1,0
MSC1432,MSC,2003,1432,NA,1,1,1,0
MSC1432,MSC,2004,1432,NA,0,1,1,0
MSC1433,MSC,2002,1433,0.42044111855061,1,0,1,0
MSC1433,MSC,2003,1433,NA,1,1,1,0
MSC1433,MSC,2004,1433,NA,0,1,1,0
MSC1434,MSC,2002,1434,0.269909413154784,1,0,1,0
MSC1434,MSC,2003,1434,NA,1,1,1,0
MSC1434,MSC,2004,1434,NA,0,1,1,0
MSC1446,MSC,2002,1446,0.320086648286726,1,0,1,0
MSC1446,MSC,2003,1446,NA,1,1,1,0
MSC1446,MSC,2004,1446,NA,0,1,1,0
MSC1447,MSC,2002,1447,0.370263883418668,1,0,1,0
MSC1447,MSC,2003,1447,NA,1,1,1,0
MSC1447,MSC,2004,1447,NA,0,1,1,0
MSC1450,MSC,2002,1450,0.370263883418668,1,0,1,0
MSC1450,MSC,2003,1450,NA,1,1,1,0
MSC1450,MSC,2004,1450,NA,0,1,1,0
MSC1457,MSC,2002,1457,0.320086648286726,1,0,1,0
MSC1457,MSC,2003,1457,NA,1,1,1,0
MSC1457,MSC,2004,1457,NA,0,1,1,0
MSC1460,MSC,2002,1460,0.370263883418668,1,0,1,0
MSC1460,MSC,2003,1460,NA,1,1,1,0
MSC1460,MSC,2004,1460,NA,0,1,1,0
MSC1464,MSC,2002,1464,0.72150452934226,1,0,1,0
MSC1464,MSC,2003,1464,0.72150452934226,1,1,1,0
MSC1464,MSC,2004,1464,0.72150452934226,1,1,1,0
MSC1464,MSC,2005,1464,NA,NA,0,1,0
MSC1464,MSC,2006,1464,NA,NA,0,1,0
MSC1464,MSC,2007,1464,NA,1,3,1,0
MSC1467,MSC,2002,1467,0.269909413154784,1,0,1,0
MSC1467,MSC,2003,1467,NA,1,1,1,0
MSC1467,MSC,2004,1467,NA,0,1,1,0
MSC1471,MSC,2002,1471,0.320086648286726,1,0,1,0
MSC1471,MSC,2003,1471,NA,1,1,1,0
MSC1471,MSC,2004,1471,NA,0,1,1,0
MSC1478,MSC,2002,1478,0.470618353682551,1,0,1,0
MSC1478,MSC,2003,1478,NA,1,1,1,0
MSC1478,MSC,2004,1478,0.621150059078376,1,1,1,0
MSC1478,MSC,2005,1478,NA,NA,0,1,0
MSC1478,MSC,2006,1478,NA,NA,0,1,0
MSC1478,MSC,2007,1478,0.48979512182897,0,3,1,0
MSC1481,MSC,2002,1481,0.269909413154784,1,0,1,0
MSC1481,MSC,2003,1481,NA,1,1,1,0
MSC1481,MSC,2004,1481,NA,0,1,1,0
MSC1483,MSC,2002,1483,0.219732178022843,1,0,1,1
MSC1483,MSC,2003,1483,NA,1,1,1,0
MSC1483,MSC,2004,1483,NA,0,1,1,0
MSC1490,MSC,2002,1490,0.219732178022843,1,0,1,1
MSC1490,MSC,2003,1490,NA,1,1,1,0
MSC1490,MSC,2004,1490,NA,0,1,1,0
MSC1491,MSC,2002,1491,0.219732178022843,1,0,1,1
MSC1491,MSC,2003,1491,NA,1,1,1,0
MSC1491,MSC,2004,1491,NA,0,1,1,0
MSC1492,MSC,2002,1492,0.219732178022843,1,0,1,1
MSC1492,MSC,2003,1492,NA,1,1,1,0
MSC1492,MSC,2004,1492,NA,0,1,1,0
MSC1495,MSC,2002,1495,0.219732178022843,1,0,1,1
MSC1495,MSC,2003,1495,NA,1,1,1,0
MSC1495,MSC,2004,1495,NA,0,1,1,0
MSC1496,MSC,2002,1496,0.520795588814493,1,0,1,0
MSC1496,MSC,2003,1496,NA,1,1,1,0
MSC1496,MSC,2004,1496,NA,0,1,1,0
MSC1499,MSC,2002,1499,0.320086648286726,1,0,1,0
MSC1499,MSC,2003,1499,NA,1,1,1,0
MSC1499,MSC,2004,1499,NA,0,1,1,0
MSC1515,MSC,2003,1515,0.169554942890901,1,0,1,1
MSC1515,MSC,2004,1515,NA,1,1,1,0
MSC1515,MSC,2005,1515,NA,NA,0,1,0
MSC1515,MSC,2006,1515,NA,NA,0,1,0
MSC1515,MSC,2007,1515,NA,0,3,1,0
MSC1535,MSC,2003,1535,0.169554942890901,1,0,1,1
MSC1535,MSC,2004,1535,NA,1,1,1,0
MSC1535,MSC,2005,1535,NA,NA,0,1,0
MSC1535,MSC,2006,1535,NA,NA,0,1,0
MSC1535,MSC,2007,1535,NA,0,3,1,0
MSC1537,MSC,2003,1537,0.169554942890901,1,0,1,1
MSC1537,MSC,2004,1537,NA,1,1,1,0
MSC1537,MSC,2005,1537,NA,NA,0,1,0
MSC1537,MSC,2006,1537,NA,NA,0,1,0
MSC1537,MSC,2007,1537,NA,0,3,1,0
MSC1543,MSC,2003,1543,0.219732178022843,1,0,1,1
MSC1543,MSC,2004,1543,NA,1,1,1,0
MSC1543,MSC,2005,1543,NA,NA,0,1,0
MSC1543,MSC,2006,1543,NA,NA,0,1,0
MSC1543,MSC,2007,1543,NA,0,3,1,0
MSC1544,MSC,2003,1544,0.169554942890901,1,0,1,1
MSC1544,MSC,2004,1544,NA,1,1,1,0
MSC1544,MSC,2005,1544,NA,NA,0,1,0
MSC1544,MSC,2006,1544,NA,NA,0,1,0
MSC1544,MSC,2007,1544,NA,0,3,1,0
MSC1710b,MSC,2011,1710b,0.219732178022843,1,0,1,1
MSC1710b,MSC,2012,1710b,NA,NA,0,1,1
MSC1710b,MSC,2013,1710b,NA,1,2,1,0
MSC1717b,MSC,2011,1717b,1.42398582118944,1,0,1,0
MSC1717b,MSC,2012,1717b,NA,NA,0,1,0
MSC1717b,MSC,2013,1717b,NA,1,2,1,0
MSC1717b,MSC,2014,1717b,NA,0,1,1,0
MSC1719b,MSC,2011,1719b,0.169554942890901,1,0,1,1
MSC1719b,MSC,2012,1719b,NA,NA,0,1,1
MSC1719b,MSC,2013,1719b,0.219732178022843,1,2,1,0
MSC1719b,MSC,2014,1719b,0.219732178022843,1,1,1,0
MSC1719b,MSC,2015,1719b,NA,1,1,1,0
MSC1720b,MSC,2011,1720b,0.169554942890901,1,0,1,1
MSC1720b,MSC,2012,1720b,NA,NA,0,1,1
MSC1720b,MSC,2013,1720b,0.219732178022843,1,2,1,0
MSC1720b,MSC,2014,1720b,0.470618353682551,1,1,1,0
MSC1720b,MSC,2015,1720b,NA,1,1,1,0
MSC1740a,MSC,2007,1740a,0.219732178022843,1,0,1,1
MSC1740a,MSC,2008,1740a,NA,NA,0,1,1
MSC1740a,MSC,2009,1740a,NA,1,2,1,0
MSC1740a,MSC,2010,1740a,NA,NA,0,1,0
MSC1740a,MSC,2011,1740a,NA,0,2,1,0
MSC1886,MSC,2002,1886,2.5,1,0,0,0
MSC1886,MSC,2003,1886,3,1,1,0,0
MSC1886,MSC,2004,1886,3.3,1,1,0,0
MSC1886,MSC,2005,1886,NA,NA,0,0,0
MSC1886,MSC,2006,1886,NA,NA,0,0,0
MSC1886,MSC,2007,1886,4.9,1,3,0,0
MSC1886,MSC,2008,1886,NA,NA,0,0,0
MSC1886,MSC,2009,1886,6.2,1,2,0,0
MSC1886,MSC,2010,1886,NA,NA,0,0,0
MSC1886,MSC,2011,1886,8.7,1,2,0,0
MSC1886,MSC,2012,1886,NA,NA,0,0,0
MSC1886,MSC,2013,1886,9.7,1,2,0,0
MSC1886,MSC,2014,1886,9.9,1,1,0,0
MSC1886,MSC,2015,1886,10.2,1,1,0,0
MSC1886,MSC,2016,1886,NA,1,1,0,0
MSC1886,MSC,2017,1886,8.4,1,1,0,0
MSC1889,MSC,2002,1889,7.4,1,0,0,0
MSC1889,MSC,2003,1889,7.7,1,1,0,0
MSC1889,MSC,2004,1889,8.5,1,1,0,0
MSC1889,MSC,2005,1889,NA,NA,0,0,0
MSC1889,MSC,2006,1889,NA,NA,0,0,0
MSC1889,MSC,2007,1889,10.7,1,3,0,0
MSC1889,MSC,2008,1889,NA,NA,0,0,0
MSC1889,MSC,2009,1889,12.2,1,2,0,0
MSC1889,MSC,2010,1889,NA,NA,0,0,0
MSC1889,MSC,2011,1889,15.7,1,2,0,0
MSC1889,MSC,2012,1889,NA,NA,0,0,0
MSC1889,MSC,2013,1889,17.9,1,2,0,0
MSC1889,MSC,2014,1889,NA,1,1,0,0
MSC1889,MSC,2015,1889,18.9,1,1,0,0
MSC1889,MSC,2016,1889,19.5,1,1,0,0
MSC1889,MSC,2017,1889,20.5,1,1,0,0
MSC1890,MSC,2002,1890,1.6,1,0,0,0
MSC1890,MSC,2003,1890,2,1,1,0,0
MSC1890,MSC,2004,1890,2.2,1,1,0,0
MSC1890,MSC,2005,1890,NA,NA,0,0,0
MSC1890,MSC,2006,1890,NA,NA,0,0,0
MSC1890,MSC,2007,1890,NA,1,3,0,0
MSC1894,MSC,2002,1894,1.4,1,0,0,0
MSC1894,MSC,2003,1894,1.3,1,1,0,0
MSC1894,MSC,2004,1894,1.3,1,1,0,0
MSC1894,MSC,2005,1894,NA,NA,0,0,0
MSC1894,MSC,2006,1894,NA,NA,0,0,0
MSC1894,MSC,2007,1894,0.72150452934226,1,3,0,0
MSC1894,MSC,2008,1894,NA,NA,0,0,0
MSC1894,MSC,2009,1894,0.72150452934226,1,2,0,0
MSC1894,MSC,2010,1894,NA,NA,0,0,0
MSC1894,MSC,2011,1894,NA,1,2,0,0
MSC1894,MSC,2012,1894,NA,NA,0,0,0
MSC1894,MSC,2013,1894,NA,0,2,0,0
MSC1897,MSC,2002,1897,0.9,1,0,0,0
MSC1897,MSC,2003,1897,1.3,1,1,0,0
MSC1897,MSC,2004,1897,1.5,1,1,0,0
MSC1897,MSC,2005,1897,NA,NA,0,0,0
MSC1897,MSC,2006,1897,NA,NA,0,0,0
MSC1897,MSC,2007,1897,3.3,1,3,0,0
MSC1897,MSC,2008,1897,NA,NA,0,0,0
MSC1897,MSC,2009,1897,4.3,1,2,0,0
MSC1897,MSC,2010,1897,NA,NA,0,0,0
MSC1897,MSC,2011,1897,6.4,1,2,0,0
MSC1897,MSC,2012,1897,NA,NA,0,0,0
MSC1897,MSC,2013,1897,7.6,1,2,0,0
MSC1897,MSC,2014,1897,7.6,1,1,0,0
MSC1897,MSC,2015,1897,7.8,1,1,0,0
MSC1897,MSC,2016,1897,NA,1,1,0,0
MSC1897,MSC,2017,1897,NA,1,1,0,0
MSC1900,MSC,2002,1900,59.8,1,0,0,0
MSC1900,MSC,2003,1900,60,1,1,0,0
MSC1900,MSC,2004,1900,60.2,1,1,0,0
MSC1900,MSC,2005,1900,NA,NA,0,0,0
MSC1900,MSC,2006,1900,NA,NA,0,0,0
MSC1900,MSC,2007,1900,59.4,1,3,0,0
MSC1900,MSC,2008,1900,NA,NA,0,0,0
MSC1900,MSC,2009,1900,59.7,1,2,0,0
MSC1900,MSC,2010,1900,NA,NA,0,0,0
MSC1900,MSC,2011,1900,62,1,2,0,0
MSC1900,MSC,2012,1900,NA,NA,0,0,0
MSC1900,MSC,2013,1900,NA,1,2,0,0
MSC1900,MSC,2014,1900,NA,0,1,0,0
MSC1927,MSC,2002,1927,63.5,1,0,0,0
MSC1927,MSC,2003,1927,64.1,1,1,0,0
MSC1927,MSC,2004,1927,65.2,1,1,0,0
MSC1927,MSC,2005,1927,NA,NA,0,0,0
MSC1927,MSC,2006,1927,NA,NA,0,0,0
MSC1927,MSC,2007,1927,67,1,3,0,0
MSC1927,MSC,2008,1927,NA,NA,0,0,0
MSC1927,MSC,2009,1927,NA,NA,0,0,0
MSC1927,MSC,2010,1927,67.5,1,3,0,0
MSC1927,MSC,2011,1927,NA,1,1,0,0
MSC1927,MSC,2012,1927,NA,NA,0,0,0
MSC1927,MSC,2013,1927,NA,0,2,0,0
MSC1973,MSC,2002,1973,0.269909413154784,1,0,1,0
MSC1973,MSC,2003,1973,NA,1,1,1,0
MSC1973,MSC,2004,1973,NA,0,1,1,0
MSC1974,MSC,2002,1974,0.219732178022843,1,0,1,1
MSC1974,MSC,2003,1974,NA,1,1,1,0
MSC1974,MSC,2004,1974,NA,0,1,1,0
MSC1975,MSC,2002,1975,0.269909413154784,1,0,1,0
MSC1975,MSC,2003,1975,NA,1,1,1,0
MSC1975,MSC,2004,1975,NA,0,1,1,0
MSC1976,MSC,2002,1976,0.219732178022843,1,0,1,1
MSC1976,MSC,2003,1976,NA,1,1,1,0
MSC1976,MSC,2004,1976,NA,0,1,1,0
MSC1980,MSC,2002,1980,2.2,1,0,1,0
MSC1980,MSC,2003,1980,2.2,1,1,1,0
MSC1980,MSC,2004,1980,NA,1,1,1,0
MSC1980,MSC,2005,1980,NA,NA,0,1,0
MSC1980,MSC,2006,1980,NA,NA,0,1,0
MSC1980,MSC,2007,1980,2.3,1,3,1,0
MSC1980,MSC,2008,1980,NA,NA,0,1,0
MSC1980,MSC,2009,1980,NA,NA,0,1,0
MSC1980,MSC,2010,1980,2.3,1,3,1,0
MSC1980,MSC,2011,1980,2.5,1,1,1,0
MSC1980,MSC,2012,1980,NA,NA,0,1,0
MSC1980,MSC,2013,1980,4.6,1,2,1,0
MSC1980,MSC,2014,1980,4.8,1,1,1,0
MSC1980,MSC,2015,1980,5,1,1,1,0
MSC1980,MSC,2016,1980,4.7,1,1,1,0
MSC1980,MSC,2017,1980,5,1,1,1,0
MSC1983,MSC,2002,1983,0.219732178022843,1,0,1,0
MSC1983,MSC,2003,1983,NA,1,1,1,0
MSC1983,MSC,2004,1983,NA,0,1,1,0
MSC1984,MSC,2002,1984,0.269909413154784,1,0,1,0
MSC1984,MSC,2003,1984,NA,1,1,1,0
MSC1984,MSC,2004,1984,NA,0,1,1,0
MSC1986,MSC,2002,1986,0.320086648286726,1,0,1,0
MSC1986,MSC,2003,1986,0.320086648286726,1,1,1,0
MSC1986,MSC,2004,1986,0.320086648286726,1,1,1,0
MSC1986,MSC,2005,1986,NA,NA,0,1,0
MSC1986,MSC,2006,1986,NA,NA,0,1,0
MSC1986,MSC,2007,1986,NA,1,3,1,0
MSC1991,MSC,2002,1991,0.570972823946435,1,0,1,0
MSC1991,MSC,2003,1991,NA,1,1,1,0
MSC1991,MSC,2004,1991,NA,0,1,1,0
MSC1993,MSC,2002,1993,0.320086648286726,1,0,1,0
MSC1993,MSC,2003,1993,NA,1,1,1,0
MSC1993,MSC,2004,1993,NA,0,1,1,0
MSC1NA,MSC,2002,1NA,0.269909413154784,1,0,1,0
MSC1NA,MSC,2003,1NA,NA,1,1,1,0
MSC1NA,MSC,2004,1NA,NA,0,1,1,0
MSC4064,MSC,2015,4064,0.169554942890901,1,0,1,1
MSC4064,MSC,2016,4064,NA,1,1,1,0
MSC4088,MSC,2013,4088,0.169554942890901,1,0,1,1
MSC4088,MSC,2014,4088,NA,1,1,1,0
MSC4602,MSC,2005,4602,1.2,1,0,0,0
MSC4602,MSC,2006,4602,NA,NA,0,0,0
MSC4602,MSC,2007,4602,NA,1,2,0,0
MSC4602,MSC,2008,4602,NA,NA,0,0,0
MSC4602,MSC,2009,4602,NA,NA,0,0,0
MSC4602,MSC,2010,4602,NA,1,3,0,0
MSC4602,MSC,2011,4602,NA,0,1,0,0
MSC4604,MSC,2005,4604,1.1,1,0,0,0
MSC4604,MSC,2006,4604,NA,NA,0,0,0
MSC4604,MSC,2007,4604,1.5,1,2,0,0
MSC4604,MSC,2008,4604,NA,NA,0,0,0
MSC4604,MSC,2009,4604,NA,NA,0,0,0
MSC4604,MSC,2010,4604,1.8,1,3,0,0
MSC4604,MSC,2011,4604,NA,1,1,0,0
MSC4604,MSC,2012,4604,NA,NA,0,0,0
MSC4604,MSC,2013,4604,NA,0,2,0,0
MSC4609,MSC,2005,4609,1.7,1,0,0,0
MSC4609,MSC,2006,4609,NA,NA,0,0,0
MSC4609,MSC,2007,4609,2.5,1,2,0,0
MSC4609,MSC,2008,4609,NA,NA,0,0,0
MSC4609,MSC,2009,4609,NA,NA,0,0,0
MSC4609,MSC,2010,4609,3.5,1,3,0,0
MSC4609,MSC,2011,4609,NA,1,1,0,0
MSC4609,MSC,2012,4609,NA,NA,0,0,0
MSC4609,MSC,2013,4609,NA,0,2,0,0
MSC4612,MSC,2005,4612,1.1,1,0,0,0
MSC4612,MSC,2006,4612,NA,NA,0,0,0
MSC4612,MSC,2007,4612,1.6,1,2,0,0
MSC4612,MSC,2008,4612,NA,NA,0,0,0
MSC4612,MSC,2009,4612,NA,NA,0,0,0
MSC4612,MSC,2010,4612,2.3,1,3,0,0
MSC4612,MSC,2011,4612,3.2,1,1,0,0
MSC4612,MSC,2012,4612,NA,NA,0,0,0
MSC4612,MSC,2013,4612,3.3,1,2,0,0
MSC4612,MSC,2014,4612,3.4,1,1,0,0
MSC4612,MSC,2015,4612,3.5,1,1,0,0
MSC4612,MSC,2016,4612,3.6,1,1,0,0
MSC4612,MSC,2017,4612,NA,1,1,0,0
MSC4643,MSC,2005,4643,0.570972823946435,1,0,0,0
MSC4643,MSC,2006,4643,NA,NA,0,0,0
MSC4643,MSC,2007,4643,1.6,1,2,0,0
MSC4643,MSC,2008,4643,NA,NA,0,0,0
MSC4643,MSC,2009,4643,NA,NA,0,0,0
MSC4643,MSC,2010,4643,2.6,1,3,0,0
MSC4643,MSC,2011,4643,5.7,1,1,0,0
MSC4643,MSC,2012,4643,NA,NA,0,0,0
MSC4643,MSC,2013,4643,7.3,1,2,0,0
MSC4643,MSC,2014,4643,NA,1,1,0,0
MSC4643,MSC,2015,4643,7.5,1,1,0,0
MSC4643,MSC,2016,4643,7.9,1,1,0,0
MSC4643,MSC,2017,4643,8.8,1,1,0,0
MSC4652,MSC,2007,4652,0.219732178022843,1,0,1,1
MSC4652,MSC,2008,4652,NA,NA,0,1,1
MSC4652,MSC,2009,4652,NA,1,2,1,0
MSC4652,MSC,2010,4652,NA,NA,0,1,0
MSC4652,MSC,2011,4652,NA,0,2,1,0
MSC4936,MSC,2005,4936,0.169554942890901,1,0,1,1
MSC4936,MSC,2006,4936,NA,NA,0,1,1
MSC4936,MSC,2007,4936,NA,1,2,1,0
MSC4963,MSC,2005,4963,0.169554942890901,1,0,1,1
MSC4963,MSC,2006,4963,NA,NA,0,1,1
MSC4963,MSC,2007,4963,NA,1,2,1,0
OP121,OP,2002,121,0.320086648286726,1,0,1,0
OP121,OP,2003,121,0.320086648286726,1,1,1,0
OP121,OP,2004,121,NA,NA,0,1,0
OP121,OP,2005,121,0.370263883418668,1,2,1,0
OP121,OP,2006,121,0.520795588814493,1,1,1,0
OP121,OP,2007,121,0.520795588814493,1,1,1,0
OP121,OP,2008,121,NA,NA,0,1,0
OP121,OP,2009,121,0.570972823946435,1,2,1,0
OP121,OP,2010,121,NA,NA,0,1,0
OP121,OP,2011,121,0.771681764474201,1,2,1,0
OP121,OP,2012,121,NA,NA,0,1,0
OP121,OP,2013,121,0.922213469870027,1,2,1,0
OP121,OP,2014,121,0.972390705001968,1,1,1,0
OP121,OP,2015,121,NA,1,1,1,0
OP1667,OP,2003,1667,0.169554942890901,1,0,1,1
OP1667,OP,2004,1667,0.169554942890901,1,1,1,0
OP1667,OP,2005,1667,0.219732178022843,1,1,1,0
OP1667,OP,2006,1667,NA,1,1,1,0
OP1667,OP,2007,1667,NA,0,1,1,0
OP283,OP,2002,283,18.9,1,0,1,0
OP283,OP,2003,283,20.7,1,1,1,0
OP283,OP,2004,283,NA,NA,0,1,0
OP283,OP,2005,283,21.7,1,2,1,0
OP283,OP,2006,283,24.8,1,1,1,0
OP283,OP,2007,283,25,1,1,1,0
OP283,OP,2008,283,NA,NA,0,1,0
OP283,OP,2009,283,26.8,1,2,1,0
OP283,OP,2010,283,NA,NA,0,1,0
OP283,OP,2011,283,29,1,2,1,0
OP283,OP,2012,283,NA,NA,0,1,0
OP283,OP,2013,283,NA,1,2,1,0
OP283,OP,2014,283,29.9,1,1,1,0
OP283,OP,2015,283,29.8,1,1,1,0
OP283,OP,2016,283,30.6,1,1,1,0
OP283,OP,2017,283,30.7,1,1,1,0
OP297,OP,2002,297,0.269909413154784,1,0,1,0
OP297,OP,2003,297,NA,1,1,1,0
OP297,OP,2004,297,NA,NA,0,1,0
OP297,OP,2005,297,NA,1,2,1,0
OP297,OP,2006,297,NA,0,1,1,0
OP4073,OP,2013,4073,0.269909413154784,1,0,1,0
OP4073,OP,2014,4073,NA,1,1,1,0
OP4186,OP,2014,4186,13.2,1,0,0,0
OP4186,OP,2015,4186,NA,1,1,0,0
OP88,OP,2002,88,0.320086648286726,1,0,1,0
OP88,OP,2003,88,0.470618353682551,1,1,1,0
OP88,OP,2004,88,NA,NA,0,1,0
OP88,OP,2005,88,NA,1,2,1,0
OP88,OP,2006,88,0.504200860706293,0,1,1,0
SSC203,SSC,2002,203,7.3,1,0,1,0
SSC203,SSC,2003,203,7.5,1,1,1,0
SSC203,SSC,2004,203,NA,NA,0,1,0
SSC203,SSC,2005,203,7.6,1,2,1,0
SSC203,SSC,2006,203,NA,NA,0,1,0
SSC203,SSC,2007,203,7.5,1,2,1,0
SSC203,SSC,2008,203,NA,NA,0,1,0
SSC203,SSC,2009,203,7.7,1,2,1,0
SSC203,SSC,2010,203,NA,NA,0,1,0
SSC203,SSC,2011,203,7.5,1,2,1,0
SSC203,SSC,2012,203,NA,NA,0,1,0
SSC203,SSC,2013,203,NA,1,2,1,0
SSC203,SSC,2014,203,NA,0,1,1,0
SSC351,SSC,2002,351,8.3,1,0,1,0
SSC351,SSC,2003,351,8.6,1,1,1,0
SSC351,SSC,2004,351,NA,NA,0,1,0
SSC351,SSC,2005,351,9.5,1,2,1,0
SSC351,SSC,2006,351,NA,NA,0,1,0
SSC351,SSC,2007,351,10.4,1,2,1,0
SSC351,SSC,2008,351,NA,NA,0,1,0
SSC351,SSC,2009,351,11,1,2,1,0
SSC351,SSC,2010,351,NA,NA,0,1,0
SSC351,SSC,2011,351,11.7,1,2,1,0
SSC351,SSC,2012,351,NA,NA,0,1,0
SSC351,SSC,2013,351,12.3,1,2,1,0
SSC351,SSC,2014,351,2.4,1,1,1,0
SSC351,SSC,2015,351,NA,1,1,1,0
SSC351,SSC,2016,351,13,1,1,1,0
SSC351,SSC,2017,351,13.4,1,1,1,0
SSC450,SSC,2002,450,14.8,1,0,1,0
SSC450,SSC,2003,450,16.1,1,1,1,0
SSC450,SSC,2004,450,NA,NA,0,1,0
SSC450,SSC,2005,450,15.6,1,2,1,0
SSC450,SSC,2006,450,NA,NA,0,1,0
SSC450,SSC,2007,450,15.7,1,2,1,0
SSC450,SSC,2008,450,NA,NA,0,1,0
SSC450,SSC,2009,450,15.3,1,2,1,0
SSC450,SSC,2010,450,NA,NA,0,1,0
SSC450,SSC,2011,450,15.4,1,2,1,0
SSC450,SSC,2012,450,NA,NA,0,1,0
SSC450,SSC,2013,450,15.1,1,2,1,0
SSC450,SSC,2014,450,NA,1,1,1,0
SSC4535,SSC,2014,4535,17.7,1,0,0,0
SSC4535,SSC,2015,4535,NA,1,1,0,0
SSC4535,SSC,2016,4535,12.6,1,1,0,0
SSC782,SSC,2002,782,0.219732178022843,1,0,1,1
SSC782,SSC,2003,782,NA,1,1,1,0
SSC782,SSC,2004,782,NA,NA,0,1,0
SSC782,SSC,2005,782,NA,0,2,1,0
